1.083436E-7	4.922400E-1
1.075123E-7	9.132190E-1
1.064801E-7	1.334176E+0
1.054022E-7	1.755185E+0
1.043002E-7	2.176136E+0
1.031855E-7	2.597143E+0
1.020686E-7	3.018137E+0
1.009554E-7	3.439134E+0
9.984772E-8	3.860140E+0
9.874821E-8	4.281149E+0
9.766115E-8	4.702178E+0
9.659033E-8	5.123204E+0
9.553334E-8	5.544254E+0
9.448575E-8	5.965284E+0
9.354756E-8	6.386342E+0
9.263059E-8	6.807395E+0
9.164124E-8	7.228444E+0
9.067453E-8	7.649486E+0
8.972844E-8	8.070521E+0
8.879969E-8	8.491547E+0
8.788954E-8	8.912572E+0
8.699464E-8	9.333583E+0
8.611357E-8	9.754576E+0
8.525014E-8	1.017557E+1
8.440351E-8	1.059657E+1
8.356910E-8	1.101757E+1
8.274179E-8	1.143855E+1
8.192190E-8	1.185955E+1
8.110633E-8	1.228054E+1
8.029133E-8	1.270152E+1
7.947792E-8	1.312249E+1
7.867093E-8	1.354346E+1
7.788042E-8	1.396443E+1
7.709936E-8	1.438541E+1
7.632060E-8	1.480638E+1
7.555323E-8	1.522732E+1
7.480152E-8	1.564828E+1
7.406109E-8	1.606925E+1
7.332545E-8	1.649019E+1
7.259565E-8	1.691116E+1
7.187680E-8	1.733213E+1
7.116750E-8	1.775311E+1
7.046382E-8	1.817407E+1
6.976994E-8	1.859504E+1
6.908267E-8	1.901602E+1
6.840859E-8	1.943699E+1
6.775411E-8	1.985798E+1
6.710813E-8	2.027899E+1
6.646816E-8	2.069996E+1
6.583504E-8	2.112097E+1
6.520640E-8	2.154196E+1
6.458135E-8	2.196296E+1
6.396319E-8	2.238397E+1
6.335621E-8	2.280499E+1
6.276252E-8	2.322600E+1
6.218327E-8	2.364700E+1
6.162066E-8	2.406805E+1
6.107666E-8	2.448906E+1
6.055310E-8	2.491007E+1
6.004844E-8	2.533109E+1
5.962373E-8	2.575209E+1
5.920699E-8	2.617311E+1
5.872560E-8	2.659412E+1
5.823871E-8	2.701510E+1
5.774376E-8	2.743607E+1
5.724112E-8	2.785706E+1
5.673128E-8	2.827804E+1
5.622071E-8	2.869898E+1
5.569068E-8	2.911995E+1
5.516423E-8	2.954092E+1
5.466117E-8	2.996188E+1
5.415871E-8	3.038285E+1
5.366200E-8	3.080383E+1
5.317345E-8	3.122480E+1
5.269344E-8	3.164579E+1
5.222179E-8	3.206678E+1
5.175816E-8	3.248777E+1
5.130121E-8	3.290877E+1
5.085002E-8	3.332975E+1
5.040527E-8	3.375075E+1
4.996926E-8	3.417175E+1
4.954157E-8	3.459275E+1
4.912133E-8	3.501372E+1
4.870917E-8	3.543472E+1
4.830605E-8	3.585576E+1
4.790956E-8	3.627675E+1
4.751759E-8	3.669776E+1
4.719558E-8	3.711875E+1
4.687538E-8	3.753974E+1
4.649070E-8	3.796073E+1
4.610854E-8	3.838172E+1
4.573018E-8	3.880272E+1
4.535813E-8	3.922369E+1
4.499626E-8	3.964469E+1
4.464451E-8	4.006567E+1
4.430058E-8	4.048664E+1
4.396344E-8	4.090764E+1
4.363188E-8	4.132863E+1
4.330647E-8	4.174960E+1
4.298871E-8	4.217058E+1
4.268031E-8	4.259156E+1
4.237885E-8	4.301254E+1
4.207956E-8	4.343355E+1
4.177841E-8	4.385456E+1
4.147379E-8	4.427556E+1
4.116838E-8	4.469659E+1
4.086660E-8	4.511763E+1
4.056801E-8	4.553868E+1
4.030573E-8	4.595972E+1
4.004935E-8	4.638079E+1
3.976562E-8	4.680186E+1
3.948761E-8	4.722294E+1
3.921233E-8	4.764400E+1
3.893931E-8	4.806511E+1
3.867045E-8	4.848619E+1
3.840591E-8	4.890729E+1
3.814487E-8	4.932840E+1
3.788481E-8	4.974953E+1
3.762422E-8	5.017063E+1
3.761089E-8	5.059177E+1
3.757233E-8	5.215595E+1
3.727917E-8	5.372015E+1
3.701435E-8	5.414129E+1
3.677368E-8	5.456244E+1
3.655589E-8	5.498359E+1
3.634953E-8	5.540471E+1
3.614653E-8	5.582584E+1
3.596346E-8	5.624697E+1
3.580326E-8	5.666809E+1
3.565977E-8	5.708920E+1
3.551953E-8	5.751032E+1
3.536387E-8	5.793144E+1
3.519660E-8	5.835256E+1
3.501681E-8	5.877368E+1
3.482710E-8	5.919479E+1
3.463234E-8	5.961593E+1
3.443880E-8	6.003708E+1
3.425025E-8	6.045818E+1
3.406594E-8	6.087931E+1
3.388394E-8	6.130046E+1
3.370198E-8	6.172157E+1
3.367821E-8	6.214272E+1
3.365375E-8	6.256385E+1
3.346938E-8	6.298498E+1
3.327999E-8	6.340611E+1
3.308339E-8	6.382724E+1
3.286468E-8	6.539141E+1
3.263546E-8	6.695561E+1
3.243171E-8	6.809866E+1
3.225339E-8	6.851982E+1
3.208960E-8	6.894094E+1
3.193784E-8	6.936210E+1
3.179502E-8	6.978324E+1
3.165709E-8	7.020438E+1
3.162716E-8	7.062552E+1
3.160446E-8	7.104667E+1
3.148405E-8	7.146785E+1
3.136318E-8	7.188898E+1
3.123849E-8	7.231015E+1
3.110890E-8	7.273129E+1
3.097387E-8	7.315246E+1
3.083199E-8	7.357361E+1
3.068305E-8	7.399476E+1
3.052891E-8	7.441591E+1
3.037208E-8	7.483709E+1
3.021513E-8	7.525824E+1
3.004730E-8	7.682258E+1
2.986312E-8	7.838697E+1
2.969136E-8	7.995136E+1
2.954998E-8	8.109457E+1
2.944946E-8	8.151577E+1
2.936212E-8	8.193695E+1
2.926447E-8	8.235816E+1
2.917442E-8	8.277935E+1
2.908810E-8	8.320055E+1
2.900094E-8	8.362177E+1
2.891166E-8	8.404296E+1
2.882320E-8	8.446415E+1
2.873664E-8	8.488537E+1
2.865205E-8	8.530660E+1
2.857025E-8	8.572780E+1
2.849090E-8	8.614904E+1
2.841213E-8	8.657025E+1
2.833097E-8	8.699150E+1
2.824671E-8	8.741274E+1
2.816027E-8	8.783399E+1
2.807064E-8	8.825523E+1
2.798233E-8	8.867647E+1
2.789690E-8	8.909772E+1
2.781080E-8	8.951897E+1
2.772560E-8	8.994021E+1
2.764093E-8	9.036146E+1
2.755467E-8	9.078273E+1
2.746570E-8	9.120397E+1
2.737456E-8	9.162524E+1
2.728314E-8	9.204650E+1
2.719120E-8	9.246779E+1
2.709671E-8	9.288908E+1
2.700053E-8	9.331035E+1
2.690431E-8	9.373163E+1
2.680795E-8	9.415295E+1
2.671051E-8	9.457426E+1
2.661180E-8	9.499559E+1
2.653809E-8	9.541693E+1
2.647263E-8	9.583827E+1
2.639196E-8	9.625964E+1
2.631697E-8	9.668099E+1
2.625148E-8	9.710234E+1
2.619708E-8	9.752372E+1
2.615119E-8	9.794507E+1
2.611071E-8	9.836644E+1
2.607447E-8	9.878780E+1
2.604172E-8	9.920916E+1
2.600927E-8	9.963053E+1
2.597129E-8	1.000519E+2
2.592602E-8	1.004733E+2
2.587520E-8	1.008947E+2
2.582007E-8	1.013160E+2
2.576011E-8	1.017374E+2
2.569464E-8	1.021588E+2
2.572310E-8	1.025802E+2
2.575272E-8	1.030015E+2
2.568831E-8	1.034229E+2
2.562680E-8	1.038443E+2
2.557185E-8	1.042657E+2
2.552811E-8	1.046871E+2
2.549751E-8	1.051085E+2
2.548280E-8	1.055299E+2
2.548859E-8	1.059513E+2
2.550442E-8	1.063727E+2
2.550928E-8	1.067941E+2
2.550212E-8	1.072156E+2
2.548906E-8	1.076370E+2
2.547787E-8	1.080583E+2
2.547635E-8	1.084798E+2
2.545919E-8	1.089012E+2
2.541798E-8	1.093226E+2
2.536955E-8	1.097440E+2
2.531225E-8	1.101654E+2
2.524342E-8	1.105869E+2
2.513904E-8	1.121522E+2
2.500031E-8	1.137176E+2
2.486532E-8	1.152830E+2
2.475059E-8	1.168484E+2
2.464556E-8	1.184139E+2
2.454232E-8	1.199795E+2
2.450533E-8	1.211237E+2
2.447051E-8	1.226896E+2
2.437739E-8	1.242556E+2
2.429118E-8	1.258219E+2
2.421700E-8	1.273884E+2
2.415235E-8	1.289550E+2
2.409336E-8	1.293568E+2
2.403752E-8	1.297585E+2
2.398298E-8	1.301602E+2
2.392878E-8	1.305620E+2
2.387230E-8	1.309638E+2
2.380852E-8	1.325106E+2
2.374119E-8	1.340576E+2
2.371001E-8	1.351827E+2
2.368418E-8	1.363079E+2
2.363261E-8	1.367097E+2
2.358651E-8	1.371116E+2
2.354506E-8	1.375134E+2
2.350673E-8	1.379153E+2
2.347039E-8	1.383172E+2
2.343506E-8	1.387191E+2
2.339971E-8	1.391210E+2
2.336295E-8	1.395229E+2
2.332446E-8	1.399248E+2
2.328339E-8	1.403268E+2
2.324186E-8	1.407287E+2
2.320102E-8	1.411307E+2
2.316064E-8	1.415327E+2
2.311875E-8	1.419348E+2
2.307339E-8	1.423368E+2
2.302684E-8	1.427388E+2
2.297873E-8	1.442868E+2
2.293305E-8	1.446889E+2
2.289037E-8	1.450910E+2
2.284925E-8	1.454931E+2
2.330303E-8	1.458951E+2
2.375305E-8	1.462972E+2
2.370106E-8	1.478452E+2
2.364471E-8	1.482473E+2
2.358391E-8	1.497951E+2
2.352018E-8	1.513431E+2
2.346627E-8	1.524689E+2
2.342396E-8	1.528709E+2
2.338970E-8	1.532730E+2
2.336273E-8	1.536751E+2
2.334026E-8	1.540771E+2
2.338061E-8	1.544792E+2
2.341927E-8	1.548812E+2
2.338178E-8	1.552833E+2
2.330922E-8	1.568313E+2
2.322383E-8	1.583793E+2
2.315771E-8	1.599274E+2
2.310823E-8	1.610533E+2
2.306851E-8	1.614554E+2
2.303381E-8	1.618575E+2
2.300350E-8	1.622597E+2
2.297904E-8	1.626618E+2
2.295878E-8	1.630639E+2
2.293845E-8	1.634661E+2
2.291765E-8	1.638682E+2
2.289620E-8	1.642703E+2
2.287247E-8	1.646724E+2
2.284520E-8	1.650746E+2
2.281362E-8	1.654767E+2
2.276252E-8	1.670250E+2
2.269188E-8	1.685733E+2
2.261703E-8	1.701216E+2
2.254149E-8	1.716498E+2
2.248775E-8	1.727557E+2
2.243910E-8	1.742840E+2
2.237955E-8	1.757722E+2
2.232803E-8	1.772604E+2
2.228192E-8	1.786682E+2
2.224033E-8	1.800963E+2
2.220390E-8	1.815043E+2
2.217084E-8	1.818663E+2
2.213967E-8	1.822284E+2
2.211070E-8	1.825905E+2
2.208339E-8	1.829526E+2
2.205669E-8	1.833147E+2
2.203080E-8	1.836768E+2
2.245037E-8	1.840389E+2
2.284859E-8	1.854470E+2
2.278445E-8	1.868552E+2
2.272489E-8	1.882634E+2
2.266565E-8	1.896717E+2
2.260792E-8	1.910800E+2
2.255396E-8	1.924884E+2
2.249960E-8	1.938968E+2
2.243981E-8	1.953053E+2
2.238216E-8	1.967139E+2
2.233314E-8	1.981225E+2
2.228649E-8	1.995312E+2
2.224939E-8	2.009400E+2
2.224129E-8	2.019664E+2
2.221214E-8	2.033752E+2
2.214180E-8	2.047842E+2
2.206923E-8	2.061931E+2
2.199568E-8	2.076021E+2
2.192347E-8	2.090112E+2
2.185554E-8	2.104203E+2
2.179090E-8	2.118295E+2
2.172755E-8	2.132386E+2
2.168793E-8	2.136009E+2
2.168334E-8	2.146275E+2
2.170979E-8	2.156541E+2
2.170145E-8	2.170632E+2
2.163834E-8	2.184723E+2
2.157414E-8	2.198814E+2
2.151020E-8	2.212905E+2
2.144831E-8	2.226996E+2
2.138700E-8	2.241087E+2
2.132975E-8	2.255178E+2
2.129217E-8	2.269269E+2
2.127569E-8	2.272893E+2
2.125888E-8	2.286984E+2
2.123785E-8	2.301075E+2
2.122037E-8	2.304699E+2
2.120438E-8	2.308323E+2
2.119381E-8	2.311946E+2
2.118823E-8	2.315771E+2
2.118296E-8	2.319395E+2
2.117759E-8	2.323019E+2
2.117163E-8	2.326643E+2
2.116455E-8	2.330267E+2
2.115630E-8	2.333890E+2
2.114712E-8	2.337514E+2
2.113705E-8	2.341138E+2
2.112609E-8	2.344762E+2
2.111379E-8	2.348386E+2
2.110007E-8	2.352010E+2
2.108542E-8	2.355634E+2
2.107064E-8	2.359258E+2
2.105653E-8	2.362882E+2
2.104307E-8	2.366506E+2
2.103026E-8	2.370131E+2
2.101764E-8	2.373755E+2
2.100431E-8	2.377379E+2
2.098977E-8	2.381004E+2
2.097352E-8	2.395099E+2
2.095213E-8	2.409194E+2
2.092673E-8	2.423289E+2
2.205163E-8	2.433559E+2
2.314101E-8	2.447653E+2
2.304933E-8	2.461748E+2
2.296530E-8	2.475843E+2
2.288544E-8	2.489938E+2
2.280568E-8	2.504032E+2
2.272446E-8	2.518329E+2
2.264415E-8	2.532425E+2
2.256820E-8	2.546522E+2
2.249749E-8	2.560618E+2
2.243174E-8	2.574715E+2
2.237106E-8	2.588811E+2
2.231395E-8	2.602906E+2
2.226033E-8	2.617000E+2
2.221064E-8	2.631094E+2
2.216176E-8	2.645187E+2
2.211251E-8	2.659280E+2
2.206787E-8	2.673373E+2
2.203209E-8	2.687467E+2
2.200212E-8	2.691091E+2
2.197331E-8	2.694715E+2
2.194500E-8	2.698339E+2
2.191777E-8	2.701963E+2
2.189130E-8	2.705588E+2
2.186471E-8	2.709212E+2
2.183741E-8	2.712836E+2
2.180353E-8	2.726930E+2
2.175668E-8	2.741024E+2
2.173357E-8	2.755119E+2
2.169801E-8	2.769213E+2
2.162258E-8	2.783308E+2
2.155208E-8	2.797404E+2
2.148601E-8	2.811500E+2
2.142519E-8	2.825597E+2
2.136928E-8	2.839694E+2
2.131766E-8	2.853792E+2
2.127147E-8	2.867892E+2
2.122894E-8	2.881992E+2
2.118686E-8	2.896092E+2
2.114610E-8	2.910194E+2
2.110691E-8	2.924295E+2
2.106887E-8	2.938397E+2
2.103108E-8	2.952499E+2
2.099146E-8	2.966601E+2
2.094949E-8	2.980702E+2
2.090603E-8	2.994802E+2
2.086760E-8	3.008903E+2
2.083117E-8	3.023003E+2
2.078886E-8	3.037103E+2
2.074329E-8	3.051204E+2
2.069666E-8	3.065306E+2
2.064974E-8	3.079408E+2
2.060206E-8	3.093512E+2
2.055609E-8	3.107616E+2
2.051551E-8	3.121720E+2
2.047669E-8	3.135825E+2
2.043538E-8	3.149931E+2
2.039428E-8	3.164038E+2
2.035423E-8	3.178146E+2
2.031364E-8	3.192255E+2
2.024862E-8	3.206365E+2
2.016588E-8	3.220476E+2
2.009252E-8	3.234588E+2
2.002520E-8	3.248701E+2
1.996423E-8	3.262814E+2
1.992085E-8	3.276927E+2
1.988146E-8	3.291040E+2
1.983282E-8	3.305152E+2
1.978582E-8	3.319265E+2
1.974158E-8	3.333378E+2
1.969979E-8	3.347489E+2
1.965966E-8	3.361600E+2
1.962120E-8	3.375709E+2
1.958289E-8	3.389819E+2
1.954858E-8	3.403927E+2
1.951851E-8	3.418035E+2
1.948995E-8	3.432142E+2
1.946288E-8	3.446249E+2
1.943484E-8	3.460357E+2
1.940685E-8	3.474465E+2
1.937972E-8	3.488574E+2
1.935161E-8	3.502683E+2
1.932366E-8	3.516792E+2
1.929510E-8	3.530901E+2
1.926739E-8	3.545010E+2
1.924225E-8	3.559119E+2
1.921831E-8	3.573229E+2
1.933999E-8	3.587339E+2
1.944241E-8	3.601449E+2
1.938595E-8	3.615559E+2
1.933952E-8	3.629669E+2
1.930245E-8	3.643781E+2
1.927009E-8	3.657892E+2
1.923514E-8	3.672004E+2
1.919875E-8	3.686116E+2
1.916761E-8	3.700227E+2
1.929026E-8	3.714339E+2
1.940843E-8	3.728450E+2
1.937415E-8	3.742560E+2
1.934254E-8	3.756672E+2
1.931005E-8	3.770783E+2
1.927613E-8	3.784895E+2
1.924175E-8	3.799006E+2
1.920783E-8	3.813119E+2
1.917646E-8	3.827232E+2
1.913755E-8	3.841346E+2
1.971919E-8	3.855460E+2
2.029686E-8	3.869574E+2
2.024229E-8	3.883688E+2
2.018824E-8	3.897802E+2
2.014017E-8	3.911916E+2
2.009674E-8	3.926030E+2
2.004397E-8	3.940145E+2
1.998309E-8	3.954260E+2
1.992777E-8	3.968375E+2
1.988608E-8	3.982490E+2
1.985868E-8	3.996605E+2
1.984297E-8	4.010720E+2
1.983202E-8	4.024835E+2
1.981561E-8	4.038950E+2
1.978866E-8	4.053065E+2
1.975547E-8	4.067180E+2
1.972138E-8	4.081295E+2
1.968792E-8	4.095411E+2
1.972526E-8	4.099040E+2
1.976346E-8	4.113157E+2
1.973032E-8	4.127274E+2
1.969764E-8	4.141392E+2
1.966743E-8	4.155510E+2
1.963808E-8	4.169627E+2
1.961027E-8	4.183744E+2
1.958321E-8	4.197861E+2
1.955602E-8	4.211978E+2
1.952905E-8	4.226095E+2
1.950155E-8	4.240212E+2
1.947414E-8	4.254330E+2
1.944788E-8	4.268448E+2
1.942030E-8	4.282567E+2
1.938906E-8	4.296687E+2
1.935625E-8	4.310807E+2
1.932232E-8	4.324927E+2
1.928744E-8	4.339047E+2
1.973828E-8	4.349335E+2
2.038534E-8	4.352966E+2
2.051594E-8	4.367087E+2
2.042426E-8	4.381208E+2
2.034219E-8	4.395329E+2
2.026789E-8	4.409450E+2
2.019904E-8	4.423572E+2
2.013266E-8	4.437693E+2
2.006813E-8	4.451815E+2
2.000619E-8	4.465938E+2
1.994970E-8	4.480061E+2
1.989742E-8	4.494185E+2
1.984569E-8	4.508310E+2
1.979387E-8	4.522435E+2
1.974242E-8	4.536560E+2
1.969253E-8	4.550685E+2
1.964355E-8	4.564810E+2
1.959474E-8	4.578935E+2
1.954410E-8	4.593060E+2
1.949128E-8	4.607186E+2
1.943184E-8	4.621312E+2
1.936616E-8	4.635438E+2
1.930177E-8	4.649564E+2
1.924156E-8	4.663690E+2
1.918504E-8	4.677816E+2
1.913254E-8	4.691943E+2
1.908561E-8	4.706070E+2
1.904255E-8	4.720196E+2
1.984398E-8	4.723829E+2
2.062165E-8	4.737955E+2
2.053526E-8	4.752081E+2
2.045573E-8	4.766208E+2
2.038336E-8	4.780334E+2
2.031621E-8	4.794461E+2
2.025245E-8	4.808587E+2
2.019482E-8	4.822713E+2
2.014467E-8	4.836839E+2
2.010141E-8	4.850964E+2
2.006465E-8	4.865090E+2
1.999355E-8	4.879216E+2
1.992409E-8	4.893342E+2
1.989012E-8	4.907467E+2
1.985327E-8	4.921592E+2
1.981484E-8	4.935715E+2
1.977581E-8	4.949838E+2
1.973927E-8	4.963960E+2
1.970776E-8	4.978081E+2
1.968321E-8	4.992202E+2
1.966172E-8	5.006322E+2
1.963960E-8	5.020443E+2
1.961603E-8	5.034564E+2
1.959196E-8	5.048685E+2
1.956936E-8	5.062806E+2
2.053507E-8	5.066437E+2
2.147030E-8	5.080558E+2
2.139160E-8	5.094680E+2
2.131924E-8	5.108803E+2
2.125161E-8	5.122926E+2
2.118879E-8	5.137050E+2
2.113017E-8	5.151174E+2
2.107388E-8	5.165298E+2
2.102017E-8	5.179423E+2
2.096918E-8	5.193549E+2
2.091989E-8	5.207675E+2
2.094060E-8	5.221802E+2
2.095096E-8	5.235928E+2
2.087173E-8	5.250055E+2
2.079697E-8	5.264181E+2
2.074130E-8	5.278306E+2
2.069269E-8	5.292432E+2
2.064710E-8	5.306556E+2
2.060246E-8	5.320681E+2
2.055859E-8	5.334806E+2
2.051632E-8	5.348932E+2
2.047399E-8	5.363058E+2
2.042908E-8	5.377183E+2
2.038063E-8	5.391308E+2
2.032731E-8	5.405434E+2
2.026972E-8	5.419559E+2
2.021293E-8	5.433685E+2
2.016187E-8	5.447811E+2
2.011372E-8	5.461936E+2
2.006741E-8	5.476062E+2
2.002447E-8	5.490187E+2
1.998397E-8	5.504313E+2
1.994414E-8	5.518438E+2
1.990472E-8	5.532563E+2
1.987472E-8	5.546687E+2
1.985051E-8	5.560811E+2
1.982444E-8	5.574935E+2
1.980020E-8	5.589059E+2
1.977734E-8	5.603183E+2
1.975594E-8	5.617307E+2
1.973585E-8	5.631430E+2
1.971689E-8	5.645552E+2
1.969960E-8	5.659674E+2
1.968435E-8	5.673795E+2
1.967193E-8	5.687915E+2
1.966201E-8	5.702035E+2
1.965280E-8	5.716154E+2
1.964406E-8	5.730273E+2
1.963314E-8	5.744393E+2
1.961397E-8	5.758511E+2
1.957567E-8	5.772630E+2
1.952910E-8	5.786748E+2
1.949077E-8	5.800867E+2
1.945656E-8	5.814985E+2
1.942414E-8	5.829102E+2
1.939278E-8	5.843219E+2
1.936200E-8	5.857334E+2
1.933133E-8	5.871448E+2
1.930041E-8	5.885562E+2
1.926894E-8	5.899675E+2
1.923450E-8	5.913788E+2
1.919689E-8	5.927899E+2
1.915934E-8	5.942010E+2
1.912335E-8	5.956119E+2
1.909047E-8	5.970227E+2
1.906084E-8	5.984334E+2
1.903237E-8	5.998439E+2
1.900347E-8	6.012543E+2
1.897440E-8	6.026646E+2
1.894473E-8	6.040950E+2
1.891276E-8	6.055052E+2
1.887617E-8	6.069153E+2
1.883317E-8	6.083255E+2
1.878676E-8	6.097356E+2
1.874088E-8	6.111458E+2
1.869708E-8	6.125559E+2
1.865712E-8	6.139659E+2
1.862091E-8	6.153760E+2
1.858709E-8	6.167860E+2
1.855482E-8	6.181959E+2
1.852380E-8	6.196058E+2
1.854138E-8	6.210156E+2
1.856548E-8	6.224254E+2
1.854628E-8	6.238351E+2
1.852458E-8	6.252447E+2
1.850311E-8	6.266542E+2
1.848442E-8	6.280636E+2
1.846957E-8	6.294728E+2
1.845660E-8	6.308819E+2
1.844489E-8	6.322909E+2
1.843552E-8	6.336998E+2
1.842817E-8	6.351086E+2
1.840635E-8	6.365174E+2
1.837167E-8	6.379261E+2
1.833843E-8	6.393347E+2
1.830469E-8	6.407432E+2
1.827269E-8	6.421517E+2
1.824281E-8	6.435602E+2
1.821508E-8	6.449686E+2
1.819314E-8	6.463770E+2
1.817710E-8	6.477854E+2
1.816355E-8	6.491939E+2
1.815210E-8	6.506022E+2
1.814248E-8	6.520104E+2
1.813235E-8	6.534186E+2
1.812146E-8	6.548268E+2
1.811134E-8	6.562348E+2
1.810111E-8	6.576429E+2
1.808992E-8	6.590510E+2
1.807580E-8	6.604590E+2
1.805914E-8	6.618670E+2
1.804387E-8	6.632749E+2
1.803019E-8	6.646828E+2
1.801590E-8	6.660906E+2
1.799928E-8	6.674984E+2
1.798032E-8	6.689263E+2
1.796106E-8	6.703944E+2
1.794267E-8	6.719025E+2
1.803069E-8	6.730285E+2
1.811866E-8	6.745766E+2
1.809933E-8	6.761247E+2
1.807577E-8	6.776727E+2
1.804689E-8	6.792206E+2
1.801630E-8	6.807685E+2
1.798927E-8	6.823164E+2
1.796756E-8	6.838642E+2
1.794853E-8	6.854120E+2
1.793158E-8	6.869596E+2
1.791722E-8	6.885072E+2
1.790359E-8	6.900548E+2
1.788885E-8	6.916024E+2
1.787029E-8	6.931500E+2
1.784452E-8	6.946977E+2
1.780941E-8	6.962454E+2
1.776895E-8	6.977930E+2
1.772768E-8	6.993406E+2
1.768436E-8	7.008882E+2
1.763851E-8	7.024359E+2
1.759165E-8	7.039835E+2
1.754461E-8	7.055310E+2
1.749764E-8	7.070786E+2
1.745062E-8	7.086262E+2
1.740406E-8	7.101737E+2
1.735757E-8	7.117213E+2
1.731040E-8	7.132687E+2
1.726252E-8	7.148162E+2
1.721572E-8	7.163637E+2
1.717292E-8	7.179113E+2
1.713471E-8	7.194590E+2
1.710052E-8	7.210067E+2
1.707184E-8	7.225544E+2
1.704574E-8	7.241019E+2
1.701800E-8	7.256494E+2
1.698975E-8	7.271968E+2
1.696121E-8	7.287442E+2
1.693357E-8	7.302914E+2
1.690844E-8	7.318386E+2
1.688622E-8	7.333857E+2
1.686873E-8	7.349328E+2
1.686070E-8	7.364800E+2
1.686112E-8	7.380271E+2
1.686060E-8	7.395740E+2
1.684990E-8	7.411208E+2
1.682819E-8	7.426676E+2
1.680133E-8	7.442144E+2
1.676782E-8	7.457612E+2
1.673414E-8	7.473079E+2
1.671100E-8	7.488545E+2
1.669452E-8	7.504010E+2
1.667850E-8	7.519475E+2
1.665964E-8	7.534940E+2
1.663910E-8	7.550405E+2
1.661789E-8	7.565869E+2
1.659331E-8	7.581534E+2
1.656436E-8	7.597198E+2
1.653332E-8	7.612861E+2
1.650289E-8	7.628524E+2
1.675162E-8	7.639969E+2
1.697115E-8	7.655630E+2
1.689793E-8	7.671290E+2
1.684037E-8	7.686949E+2
1.678569E-8	7.702608E+2
1.673280E-8	7.718268E+2
1.667861E-8	7.733927E+2
1.662802E-8	7.749588E+2
1.658752E-8	7.765249E+2
1.655691E-8	7.780910E+2
1.652589E-8	7.796570E+2
1.648583E-8	7.812230E+2
1.644210E-8	7.827889E+2
1.640447E-8	7.843548E+2
1.637689E-8	7.859207E+2
1.635557E-8	7.874867E+2
1.633452E-8	7.890525E+2
1.631205E-8	7.906184E+2
1.629044E-8	7.921841E+2
1.627019E-8	7.937498E+2
1.624923E-8	7.953155E+2
1.622484E-8	7.968811E+2
1.619759E-8	7.984467E+2
1.617186E-8	8.000124E+2
1.614961E-8	8.015780E+2
1.613038E-8	8.031437E+2
1.611645E-8	8.047093E+2
1.610416E-8	8.062749E+2
1.608915E-8	8.078404E+2
1.607125E-8	8.094057E+2
1.604710E-8	8.109709E+2
1.601825E-8	8.125361E+2
1.599042E-8	8.141012E+2
1.596384E-8	8.156662E+2
1.594026E-8	8.172311E+2
1.592208E-8	8.187960E+2
1.590527E-8	8.203608E+2
1.588863E-8	8.219256E+2
1.587471E-8	8.234903E+2
1.586562E-8	8.250549E+2
1.586014E-8	8.266195E+2
1.585588E-8	8.281841E+2
1.585201E-8	8.297487E+2
1.584830E-8	8.313134E+2
1.584208E-8	8.328780E+2
1.583361E-8	8.344426E+2
1.582619E-8	8.360071E+2
1.581900E-8	8.375716E+2
1.581215E-8	8.391360E+2
1.580500E-8	8.407004E+2
1.579639E-8	8.422648E+2
1.578647E-8	8.438291E+2
1.577513E-8	8.453932E+2
1.576254E-8	8.469574E+2
1.574970E-8	8.485214E+2
1.573690E-8	8.500854E+2
1.572319E-8	8.516494E+2
1.570840E-8	8.532133E+2
1.569354E-8	8.547771E+2
1.567863E-8	8.563410E+2
1.566303E-8	8.579048E+2
1.564706E-8	8.594688E+2
1.563142E-8	8.610328E+2
1.561640E-8	8.625968E+2
1.560190E-8	8.641608E+2
1.558847E-8	8.657247E+2
1.557614E-8	8.672884E+2
1.556449E-8	8.688520E+2
1.555307E-8	8.704155E+2
1.554117E-8	8.719788E+2
1.552897E-8	8.735421E+2
1.551577E-8	8.751054E+2
1.550095E-8	8.766686E+2
1.548452E-8	8.782318E+2
1.546643E-8	8.797949E+2
1.544741E-8	8.813580E+2
1.542736E-8	8.829209E+2
1.540599E-8	8.844838E+2
1.538346E-8	8.860466E+2
1.536060E-8	8.876094E+2
1.533884E-8	8.891721E+2
1.531903E-8	8.907349E+2
1.530188E-8	8.922976E+2
1.528658E-8	8.938602E+2
1.527090E-8	8.954229E+2
1.525364E-8	8.969855E+2
1.523578E-8	8.985483E+2
1.521922E-8	9.001112E+2
1.520436E-8	9.016742E+2
1.519082E-8	9.032374E+2
1.517781E-8	9.048007E+2
1.516529E-8	9.063640E+2
1.515407E-8	9.079273E+2
1.514414E-8	9.094905E+2
1.513634E-8	9.110537E+2
1.513316E-8	9.126169E+2
1.513281E-8	9.141802E+2
1.513282E-8	9.157436E+2
1.513463E-8	9.173070E+2
1.513566E-8	9.188704E+2
1.513520E-8	9.204339E+2
1.513462E-8	9.219974E+2
1.513206E-8	9.235611E+2
1.512691E-8	9.251248E+2
1.511849E-8	9.266886E+2
1.510649E-8	9.282525E+2
1.509259E-8	9.298164E+2
1.507848E-8	9.313803E+2
1.506490E-8	9.329443E+2
1.503429E-8	9.345082E+2
1.499551E-8	9.360722E+2
1.497000E-8	9.376361E+2
1.495034E-8	9.391998E+2
1.493336E-8	9.407635E+2
1.491726E-8	9.423271E+2
1.490345E-8	9.438907E+2
1.489351E-8	9.454542E+2
1.488564E-8	9.470177E+2
1.487841E-8	9.485812E+2
1.487233E-8	9.501446E+2
1.486743E-8	9.517080E+2
1.486302E-8	9.532715E+2
1.485874E-8	9.548349E+2
1.485389E-8	9.563982E+2
1.484837E-8	9.579615E+2
1.484228E-8	9.595250E+2
1.483592E-8	9.610883E+2
1.482961E-8	9.626518E+2
1.482307E-8	9.642154E+2
1.481438E-8	9.657790E+2
1.479942E-8	9.673426E+2
1.477903E-8	9.689062E+2
1.475721E-8	9.704698E+2
1.473535E-8	9.720333E+2
1.471237E-8	9.735967E+2
1.468717E-8	9.751601E+2
1.466098E-8	9.767236E+2
1.463494E-8	9.782870E+2
1.461107E-8	9.798504E+2
1.459184E-8	9.814138E+2
1.457705E-8	9.829772E+2
1.456558E-8	9.845405E+2
1.455689E-8	9.861036E+2
1.455071E-8	9.876667E+2
1.454700E-8	9.892298E+2
1.454533E-8	9.907929E+2
1.454492E-8	9.923559E+2
1.454477E-8	9.939189E+2
1.454498E-8	9.954817E+2
1.454558E-8	9.970445E+2
1.454571E-8	9.986072E+2
1.454523E-8	1.000170E+3
1.454582E-8	1.001732E+3
1.454777E-8	1.003294E+3
1.455028E-8	1.004857E+3
1.455561E-8	1.006419E+3
1.456471E-8	1.007981E+3
1.457292E-8	1.009543E+3
1.457622E-8	1.011105E+3
1.457797E-8	1.012667E+3
1.458307E-8	1.014228E+3
1.459083E-8	1.015790E+3
1.460105E-8	1.017352E+3
1.461163E-8	1.018914E+3
1.461528E-8	1.020475E+3
1.460747E-8	1.022037E+3
1.459355E-8	1.023598E+3
1.458378E-8	1.025160E+3
1.457769E-8	1.026721E+3
1.456970E-8	1.028282E+3
1.456008E-8	1.029844E+3
1.454893E-8	1.031405E+3
1.453607E-8	1.032966E+3
1.452325E-8	1.034527E+3
1.451094E-8	1.036089E+3
1.449932E-8	1.037650E+3
1.448857E-8	1.039211E+3
1.447748E-8	1.040772E+3
1.446523E-8	1.042333E+3
1.445203E-8	1.043895E+3
1.443834E-8	1.045456E+3
1.442479E-8	1.047018E+3
1.441512E-8	1.048579E+3
1.440719E-8	1.050141E+3
1.439709E-8	1.051703E+3
1.438637E-8	1.053264E+3
1.437417E-8	1.054826E+3
1.436128E-8	1.056387E+3
1.434945E-8	1.057949E+3
1.433849E-8	1.059511E+3
1.432846E-8	1.061073E+3
1.432096E-8	1.062635E+3
1.431767E-8	1.064197E+3
1.431924E-8	1.065759E+3
1.432490E-8	1.067321E+3
1.433412E-8	1.068883E+3
1.434963E-8	1.070446E+3
1.437319E-8	1.072008E+3
1.439485E-8	1.073570E+3
1.440931E-8	1.075133E+3
1.442962E-8	1.076695E+3
1.445927E-8	1.078257E+3
1.447524E-8	1.079820E+3
1.447018E-8	1.081382E+3
1.445658E-8	1.082944E+3
1.443910E-8	1.084506E+3
1.442124E-8	1.086068E+3
1.440163E-8	1.087631E+3
1.438381E-8	1.089192E+3
1.437366E-8	1.090754E+3
1.436710E-8	1.092316E+3
1.435300E-8	1.093877E+3
1.432621E-8	1.095439E+3
1.429570E-8	1.097000E+3
1.426765E-8	1.098561E+3
1.424147E-8	1.100123E+3
1.421638E-8	1.101684E+3
1.419215E-8	1.103245E+3
1.417014E-8	1.104806E+3
1.415093E-8	1.106367E+3
1.413401E-8	1.107928E+3
1.411866E-8	1.109489E+3
1.410454E-8	1.111050E+3
1.409222E-8	1.112611E+3
1.408337E-8	1.114172E+3
1.407870E-8	1.115733E+3
1.407861E-8	1.117294E+3
1.408281E-8	1.118854E+3
1.409137E-8	1.120415E+3
1.409859E-8	1.121975E+3
1.410241E-8	1.123536E+3
1.410742E-8	1.125097E+3
1.411286E-8	1.126657E+3
1.412368E-8	1.128218E+3
1.414679E-8	1.129779E+3
1.417848E-8	1.131339E+3
1.420343E-8	1.132900E+3
1.452281E-8	1.134040E+3
1.479853E-8	1.135600E+3
1.472902E-8	1.137161E+3
1.466351E-8	1.138721E+3
1.460303E-8	1.140281E+3
1.454927E-8	1.141842E+3
1.450347E-8	1.143402E+3
1.446441E-8	1.144962E+3
1.443087E-8	1.146522E+3
1.440037E-8	1.148082E+3
1.436996E-8	1.149642E+3
1.433882E-8	1.151202E+3
1.430792E-8	1.152762E+3
1.427812E-8	1.154322E+3
1.424928E-8	1.155881E+3
1.422132E-8	1.157441E+3
1.419463E-8	1.159000E+3
1.416975E-8	1.160559E+3
1.414647E-8	1.162118E+3
1.412503E-8	1.163677E+3
1.410583E-8	1.165236E+3
1.408844E-8	1.166795E+3
1.407302E-8	1.168354E+3
1.405882E-8	1.169912E+3
1.404544E-8	1.171471E+3
1.403229E-8	1.173029E+3
1.401938E-8	1.174588E+3
1.400732E-8	1.176146E+3
1.399577E-8	1.177704E+3
1.398366E-8	1.179262E+3
1.397086E-8	1.180819E+3
1.395864E-8	1.182377E+3
1.394792E-8	1.183935E+3
1.393904E-8	1.185492E+3
1.393211E-8	1.187050E+3
1.392779E-8	1.188607E+3
1.392590E-8	1.190165E+3
1.392466E-8	1.191723E+3
1.392240E-8	1.193280E+3
1.392296E-8	1.194838E+3
1.392822E-8	1.196395E+3
1.393322E-8	1.197953E+3
1.393271E-8	1.199510E+3
1.392542E-8	1.201068E+3
1.391665E-8	1.202625E+3
1.390964E-8	1.204182E+3
1.390237E-8	1.205740E+3
1.389188E-8	1.207297E+3
1.387674E-8	1.208854E+3
1.385779E-8	1.210411E+3
1.383667E-8	1.211968E+3
1.381560E-8	1.213525E+3
1.379494E-8	1.215082E+3
1.377425E-8	1.216639E+3
1.375520E-8	1.218196E+3
1.373848E-8	1.219752E+3
1.372210E-8	1.221309E+3
1.370567E-8	1.222865E+3
1.368960E-8	1.224422E+3
1.367344E-8	1.225978E+3
1.365757E-8	1.227534E+3
1.364193E-8	1.229091E+3
1.362596E-8	1.230647E+3
1.361015E-8	1.232203E+3
1.359579E-8	1.233760E+3
1.358271E-8	1.235316E+3
1.357053E-8	1.236872E+3
1.355962E-8	1.238428E+3
1.355001E-8	1.239984E+3
1.354129E-8	1.241540E+3
1.353250E-8	1.243096E+3
1.352358E-8	1.244652E+3
1.351472E-8	1.246208E+3
1.350488E-8	1.247764E+3
1.349374E-8	1.249320E+3
1.348224E-8	1.250876E+3
1.347025E-8	1.252432E+3
1.345788E-8	1.253988E+3
1.344568E-8	1.255544E+3
1.343513E-8	1.257101E+3
1.342710E-8	1.258657E+3
1.342202E-8	1.260213E+3
1.342016E-8	1.261769E+3
1.342205E-8	1.263325E+3
1.342817E-8	1.264881E+3
1.343393E-8	1.266437E+3
1.343847E-8	1.267993E+3
1.344598E-8	1.269549E+3
1.345766E-8	1.271105E+3
1.346861E-8	1.272661E+3
1.348215E-8	1.274217E+3
1.349818E-8	1.275773E+3
1.349840E-8	1.277329E+3
1.348424E-8	1.278885E+3
1.346963E-8	1.280441E+3
1.345423E-8	1.281997E+3
1.343660E-8	1.283553E+3
1.341692E-8	1.285109E+3
1.340231E-8	1.286666E+3
1.339431E-8	1.288222E+3
1.338745E-8	1.289778E+3
1.338404E-8	1.291334E+3
1.338323E-8	1.292890E+3
1.338097E-8	1.294445E+3
1.337634E-8	1.296001E+3
1.337032E-8	1.297557E+3
1.336214E-8	1.299113E+3
1.335188E-8	1.300669E+3
1.334038E-8	1.302225E+3
1.332818E-8	1.303781E+3
1.331710E-8	1.305336E+3
1.330825E-8	1.306892E+3
1.330054E-8	1.308448E+3
1.329196E-8	1.310003E+3
1.327890E-8	1.311559E+3
1.326110E-8	1.313115E+3
1.324310E-8	1.314670E+3
1.322553E-8	1.316225E+3
1.321046E-8	1.317781E+3
1.320039E-8	1.319336E+3
1.319580E-8	1.320891E+3
1.319294E-8	1.322446E+3
1.317881E-8	1.324002E+3
1.315140E-8	1.325557E+3
1.312010E-8	1.327112E+3
1.309081E-8	1.328668E+3
1.306908E-8	1.330223E+3
1.304992E-8	1.331778E+3
1.302865E-8	1.333333E+3
1.300993E-8	1.334888E+3
1.299465E-8	1.336442E+3
1.298277E-8	1.337997E+3
1.297414E-8	1.339552E+3
1.296874E-8	1.341107E+3
1.296533E-8	1.342661E+3
1.296327E-8	1.344216E+3
1.296258E-8	1.345770E+3
1.296039E-8	1.347325E+3
1.295528E-8	1.348879E+3
1.295146E-8	1.350434E+3
1.294945E-8	1.351988E+3
1.294657E-8	1.353542E+3
1.294101E-8	1.355096E+3
1.293075E-8	1.356650E+3
1.291716E-8	1.358205E+3
1.290278E-8	1.359759E+3
1.288997E-8	1.361313E+3
1.287933E-8	1.362867E+3
1.287165E-8	1.364421E+3
1.286704E-8	1.365975E+3
1.286026E-8	1.367529E+3
1.285050E-8	1.369083E+3
1.284143E-8	1.370637E+3
1.283450E-8	1.372191E+3
1.282941E-8	1.373745E+3
1.282457E-8	1.375299E+3
1.281824E-8	1.376852E+3
1.280750E-8	1.378406E+3
1.279158E-8	1.379959E+3
1.277295E-8	1.381512E+3
1.275704E-8	1.383065E+3
1.274398E-8	1.384618E+3
1.273103E-8	1.386172E+3
1.271901E-8	1.387725E+3
1.270818E-8	1.389278E+3
1.269882E-8	1.390831E+3
1.269028E-8	1.392385E+3
1.268210E-8	1.393938E+3
1.267504E-8	1.395492E+3
1.267016E-8	1.397045E+3
1.266871E-8	1.398598E+3
1.267361E-8	1.400151E+3
1.268255E-8	1.401704E+3
1.268813E-8	1.403257E+3
1.268792E-8	1.404810E+3
1.268359E-8	1.406362E+3
1.267736E-8	1.407915E+3
1.267135E-8	1.409468E+3
1.266654E-8	1.411020E+3
1.266482E-8	1.412573E+3
1.266451E-8	1.414125E+3
1.266193E-8	1.415677E+3
1.265672E-8	1.417229E+3
1.264823E-8	1.418782E+3
1.263577E-8	1.420334E+3
1.262043E-8	1.421886E+3
1.260545E-8	1.423438E+3
1.258879E-8	1.424990E+3
1.256828E-8	1.426542E+3
1.254545E-8	1.428094E+3
1.252180E-8	1.429646E+3
1.250069E-8	1.431198E+3
1.248086E-8	1.432749E+3
1.245872E-8	1.434301E+3
1.243439E-8	1.435853E+3
1.240944E-8	1.437405E+3
1.238379E-8	1.438957E+3
1.235982E-8	1.440509E+3
1.234088E-8	1.442061E+3
1.232453E-8	1.443613E+3
1.230766E-8	1.445165E+3
1.229205E-8	1.446717E+3
1.228032E-8	1.448269E+3
1.227118E-8	1.449821E+3
1.226390E-8	1.451373E+3
1.225969E-8	1.452925E+3
1.225779E-8	1.454477E+3
1.225771E-8	1.456028E+3
1.225866E-8	1.457580E+3
1.226671E-8	1.459132E+3
1.227598E-8	1.460683E+3
1.227774E-8	1.462235E+3
1.227646E-8	1.463787E+3
1.227201E-8	1.465339E+3
1.226575E-8	1.466892E+3
1.225887E-8	1.468444E+3
1.224879E-8	1.469996E+3
1.223446E-8	1.471549E+3
1.221803E-8	1.473101E+3
1.220080E-8	1.474653E+3
1.218463E-8	1.476206E+3
1.217264E-8	1.477758E+3
1.216750E-8	1.479310E+3
1.216788E-8	1.480862E+3
1.217004E-8	1.482414E+3
1.217686E-8	1.483966E+3
1.218617E-8	1.485518E+3
1.219318E-8	1.487070E+3
1.219968E-8	1.488623E+3
1.220446E-8	1.490175E+3
1.220618E-8	1.491727E+3
1.220739E-8	1.493279E+3
1.220948E-8	1.494832E+3
1.220933E-8	1.496384E+3
1.220776E-8	1.497937E+3
1.220850E-8	1.499489E+3
1.221216E-8	1.501041E+3
1.221711E-8	1.502594E+3
1.222510E-8	1.504146E+3
1.223543E-8	1.505699E+3
1.224490E-8	1.507251E+3
1.225450E-8	1.508804E+3
1.226432E-8	1.510356E+3
1.227403E-8	1.511909E+3
1.228369E-8	1.513461E+3
1.229317E-8	1.515013E+3
1.230158E-8	1.516566E+3
1.230858E-8	1.518118E+3
1.231507E-8	1.519670E+3
1.232050E-8	1.521223E+3
1.232277E-8	1.522775E+3
1.231937E-8	1.524327E+3
1.231660E-8	1.525880E+3
1.231813E-8	1.527432E+3
1.232035E-8	1.528985E+3
1.232335E-8	1.530538E+3
1.232594E-8	1.532091E+3
1.232951E-8	1.533644E+3
1.233595E-8	1.535197E+3
1.234581E-8	1.536750E+3
1.235690E-8	1.538304E+3
1.236833E-8	1.539857E+3
1.238040E-8	1.541410E+3
1.239105E-8	1.542963E+3
1.239609E-8	1.544517E+3
1.239617E-8	1.546070E+3
1.239465E-8	1.547624E+3
1.239075E-8	1.549177E+3
1.238613E-8	1.550731E+3
1.238243E-8	1.552285E+3
1.237995E-8	1.553839E+3
1.237493E-8	1.555394E+3
1.236247E-8	1.556948E+3
1.234745E-8	1.558502E+3
1.233779E-8	1.560056E+3
1.233218E-8	1.561611E+3
1.232808E-8	1.563165E+3
1.232464E-8	1.564719E+3
1.232116E-8	1.566273E+3
1.231832E-8	1.567828E+3
1.231508E-8	1.569382E+3
1.231076E-8	1.570936E+3
1.230469E-8	1.572490E+3
1.229480E-8	1.574045E+3
1.227970E-8	1.575599E+3
1.223571E-8	1.577154E+3
1.219180E-8	1.578709E+3
1.217500E-8	1.580263E+3
1.215955E-8	1.581818E+3
1.214260E-8	1.583373E+3
1.212375E-8	1.584927E+3
1.210638E-8	1.586482E+3
1.209301E-8	1.588037E+3
1.208338E-8	1.589592E+3
1.207690E-8	1.591147E+3
1.207368E-8	1.592702E+3
1.207200E-8	1.594257E+3
1.207112E-8	1.595812E+3
1.207008E-8	1.597367E+3
1.206594E-8	1.598922E+3
1.205831E-8	1.600477E+3
1.204977E-8	1.602032E+3
1.204207E-8	1.603587E+3
1.203659E-8	1.605142E+3
1.203355E-8	1.606697E+3
1.203186E-8	1.608252E+3
1.203115E-8	1.609807E+3
1.203090E-8	1.611363E+3
1.202958E-8	1.612918E+3
1.203136E-8	1.614473E+3
1.203661E-8	1.616028E+3
1.204096E-8	1.617583E+3
1.204461E-8	1.619139E+3
1.205044E-8	1.620694E+3
1.206045E-8	1.622249E+3
1.207455E-8	1.623805E+3
1.209039E-8	1.625360E+3
1.210100E-8	1.626915E+3
1.210232E-8	1.628471E+3
1.209748E-8	1.630026E+3
1.208939E-8	1.631581E+3
1.207971E-8	1.633136E+3
1.207018E-8	1.634692E+3
1.206200E-8	1.636247E+3
1.205457E-8	1.637802E+3
1.204701E-8	1.639357E+3
1.204182E-8	1.640912E+3
1.204243E-8	1.642467E+3
1.204607E-8	1.644022E+3
1.204945E-8	1.645577E+3
1.205499E-8	1.647132E+3
1.206261E-8	1.648687E+3
1.207199E-8	1.650242E+3
1.208270E-8	1.651797E+3
1.209091E-8	1.653352E+3
1.209550E-8	1.654907E+3
1.209847E-8	1.656462E+3
1.210380E-8	1.658017E+3
1.211021E-8	1.659573E+3
1.211487E-8	1.661128E+3
1.211965E-8	1.662684E+3
1.212281E-8	1.664240E+3
1.212383E-8	1.665795E+3
1.212337E-8	1.667351E+3
1.211957E-8	1.668906E+3
1.211165E-8	1.670462E+3
1.210113E-8	1.672017E+3
1.208746E-8	1.673573E+3
1.206924E-8	1.675128E+3
1.204980E-8	1.676684E+3
1.203282E-8	1.678240E+3
1.201842E-8	1.679796E+3
1.201117E-8	1.681352E+3
1.201028E-8	1.682908E+3
1.201024E-8	1.684464E+3
1.200925E-8	1.686020E+3
1.200667E-8	1.687576E+3
1.200245E-8	1.689132E+3
1.199533E-8	1.690687E+3
1.198987E-8	1.692243E+3
1.198758E-8	1.693800E+3
1.198662E-8	1.695356E+3
1.198650E-8	1.696912E+3
1.198515E-8	1.698469E+3
1.198194E-8	1.700025E+3
1.197641E-8	1.701581E+3
1.197032E-8	1.703138E+3
1.196740E-8	1.704694E+3
1.217246E-8	1.705113E+3
1.236969E-8	1.706670E+3
1.235703E-8	1.708226E+3
1.234606E-8	1.709783E+3
1.233418E-8	1.711339E+3
1.232229E-8	1.712896E+3
1.231006E-8	1.714452E+3
1.230022E-8	1.716009E+3
1.229459E-8	1.717566E+3
1.229242E-8	1.719122E+3
1.229107E-8	1.720679E+3
1.228955E-8	1.722235E+3
1.228818E-8	1.723792E+3
1.228603E-8	1.725349E+3
1.228309E-8	1.726906E+3
1.227994E-8	1.728462E+3
1.227966E-8	1.730019E+3
1.228641E-8	1.731576E+3
1.230059E-8	1.733133E+3
1.231371E-8	1.734690E+3
1.232076E-8	1.736247E+3
1.232848E-8	1.737804E+3
1.233843E-8	1.739360E+3
1.234950E-8	1.740917E+3
1.236209E-8	1.742473E+3
1.237040E-8	1.744030E+3
1.237429E-8	1.745586E+3
1.237963E-8	1.747142E+3
1.238716E-8	1.748699E+3
1.239691E-8	1.750255E+3
1.240423E-8	1.751812E+3
1.240853E-8	1.753368E+3
1.241079E-8	1.754925E+3
1.240939E-8	1.756481E+3
1.240272E-8	1.758038E+3
1.239413E-8	1.759594E+3
1.238656E-8	1.761150E+3
1.238032E-8	1.762706E+3
1.237663E-8	1.764262E+3
1.237147E-8	1.765819E+3
1.236844E-8	1.767375E+3
1.237000E-8	1.768931E+3
1.237210E-8	1.770488E+3
1.237302E-8	1.772045E+3
1.237251E-8	1.773601E+3
1.237125E-8	1.775158E+3
1.236953E-8	1.776715E+3
1.236741E-8	1.778272E+3
1.236562E-8	1.779829E+3
1.236431E-8	1.781386E+3
1.236197E-8	1.782943E+3
1.235972E-8	1.784501E+3
1.236241E-8	1.786058E+3
1.236342E-8	1.787615E+3
1.236728E-8	1.789173E+3
1.237382E-8	1.790730E+3
1.237568E-8	1.792288E+3
1.237894E-8	1.793845E+3
1.238378E-8	1.795403E+3
1.238776E-8	1.796961E+3
1.239048E-8	1.798518E+3
1.239426E-8	1.800076E+3
1.239971E-8	1.801633E+3
1.240407E-8	1.803190E+3
1.240876E-8	1.804748E+3
1.241628E-8	1.806305E+3
1.242168E-8	1.807862E+3
1.242534E-8	1.809420E+3
1.242450E-8	1.810977E+3
1.241767E-8	1.812534E+3
1.241126E-8	1.814091E+3
1.240619E-8	1.815649E+3
1.240165E-8	1.817206E+3
1.239717E-8	1.818764E+3
1.239349E-8	1.820321E+3
1.239159E-8	1.821879E+3
1.239047E-8	1.823437E+3
1.239491E-8	1.824994E+3
1.240172E-8	1.826552E+3
1.240525E-8	1.828110E+3
1.240901E-8	1.829668E+3
1.241060E-8	1.831226E+3
1.240872E-8	1.832784E+3
1.240605E-8	1.834342E+3
1.240354E-8	1.835901E+3
1.240080E-8	1.837459E+3
1.239902E-8	1.839018E+3
1.239843E-8	1.840576E+3
1.240096E-8	1.842135E+3
1.240437E-8	1.843694E+3
1.240531E-8	1.845253E+3
1.240625E-8	1.846812E+3
1.241569E-8	1.848371E+3
1.243141E-8	1.849930E+3
1.244683E-8	1.851488E+3
1.246611E-8	1.853047E+3
1.248767E-8	1.854606E+3
1.250883E-8	1.856165E+3
1.253005E-8	1.857724E+3
1.255163E-8	1.859282E+3
1.257014E-8	1.860841E+3
1.258457E-8	1.862400E+3
1.259331E-8	1.863959E+3
1.259829E-8	1.865518E+3
1.260151E-8	1.867077E+3
1.260023E-8	1.868636E+3
1.259328E-8	1.870195E+3
1.258100E-8	1.871754E+3
1.256829E-8	1.873313E+3
1.255736E-8	1.874872E+3
1.254688E-8	1.876431E+3
1.253548E-8	1.877991E+3
1.252307E-8	1.879550E+3
1.251234E-8	1.881109E+3
1.250588E-8	1.882668E+3
1.250203E-8	1.884227E+3
1.249587E-8	1.885786E+3
1.248608E-8	1.887345E+3
1.247759E-8	1.888904E+3
1.246716E-8	1.890463E+3
1.244792E-8	1.892022E+3
1.242605E-8	1.893581E+3
1.241103E-8	1.895140E+3
1.241349E-8	1.896699E+3
1.243537E-8	1.898258E+3
1.246944E-8	1.899818E+3
1.251583E-8	1.901377E+3
1.257480E-8	1.902937E+3
1.264250E-8	1.904496E+3
1.271348E-8	1.906056E+3
1.277420E-8	1.907615E+3
1.281060E-8	1.909174E+3
1.305480E-8	1.910733E+3
1.337336E-8	1.911153E+3
1.342882E-8	1.912712E+3
1.336831E-8	1.914271E+3
1.330464E-8	1.915830E+3
1.324342E-8	1.917389E+3
1.319577E-8	1.918948E+3
1.316109E-8	1.920507E+3
1.313446E-8	1.922066E+3
1.311585E-8	1.923624E+3
1.310196E-8	1.925183E+3
1.308659E-8	1.926741E+3
1.306853E-8	1.928300E+3
1.304925E-8	1.929858E+3
1.302822E-8	1.931417E+3
1.300294E-8	1.932975E+3
1.297273E-8	1.934534E+3
1.293755E-8	1.936092E+3
1.289757E-8	1.937650E+3
1.285365E-8	1.939208E+3
1.280587E-8	1.940766E+3
1.275539E-8	1.942324E+3
1.270497E-8	1.943882E+3
1.265668E-8	1.945440E+3
1.261222E-8	1.946998E+3
1.257390E-8	1.948557E+3
1.254953E-8	1.950114E+3
1.253565E-8	1.951672E+3
1.252281E-8	1.953230E+3
1.251184E-8	1.954788E+3
1.250220E-8	1.956345E+3
1.249386E-8	1.957903E+3
1.248785E-8	1.959460E+3
1.248627E-8	1.961018E+3